ID,Anzahl_technischer_Stoerungen_letzte_6M,avg_Dauer_Entstoerung_Std,Anzahl_Beschwerdeanrufe
CUST0001,0,0.0,0
CUST0002,1,4.3,1
CUST0003,3,6.6,2
CUST0004,1,3.9,1
CUST0005,1,2.8,1
CUST0006,2,4.8,0
CUST0007,3,5.1,1
CUST0008,2,3.0,2
CUST0009,2,7.5,1
CUST0010,1,3.7,1
CUST0011,2,4.3,2
CUST0012,1,5.4,1
CUST0013,0,0.0,0
CUST0014,4,8.7,3
CUST0015,2,6.6,0
CUST0016,2,6.0,1
CUST0017,0,0.0,0
CUST0018,5,7.4,1
CUST0019,2,4.1,2
CUST0020,0,0.0,0
CUST0021,1,0.5,1
CUST0022,3,6.1,1
CUST0023,3,4.1,3
CUST0024,0,0.0,0
CUST0025,2,5.6,1
CUST0026,4,5.0,3
CUST0027,1,4.6,1
CUST0028,1,4.9,0
CUST0029,0,0.0,0
CUST0030,1,4.4,1
CUST0031,3,2.3,2
CUST0032,0,0.0,0
CUST0033,2,5.3,1
CUST0034,2,6.9,0
CUST0035,2,5.4,2
CUST0036,0,0.0,0
CUST0037,3,7.3,2
CUST0038,2,6.6,1
CUST0039,2,3.0,1
CUST0040,4,6.3,1
CUST0041,3,6.2,1
CUST0042,3,5.9,0
CUST0043,0,0.0,0
CUST0044,2,2.7,2
CUST0045,4,8.1,0
CUST0046,0,0.0,0
CUST0047,3,2.2,2
CUST0048,3,3.1,0
CUST0049,2,7.0,2
CUST0050,2,3.8,1
CUST0051,3,2.7,2
CUST0052,0,0.0,0
CUST0053,4,5.7,2
CUST0054,2,6.1,0
CUST0055,4,5.4,2
CUST0056,2,7.1,1
CUST0057,1,4.1,1
CUST0058,5,2.6,1
CUST0059,2,5.6,1
CUST0060,3,3.7,1
CUST0061,1,3.3,1
CUST0062,1,3.2,1
CUST0063,3,5.6,2
CUST0064,5,5.2,3
CUST0065,0,0.0,0
CUST0066,1,3.4,1
CUST0067,2,7.6,1
CUST0068,5,9.0,3
CUST0069,2,4.9,0
CUST0070,2,4.5,1
CUST0071,4,5.7,3
CUST0072,1,1.9,0
CUST0073,2,3.2,2
CUST0074,2,5.6,2
CUST0075,2,4.8,1
CUST0076,4,5.9,2
CUST0077,4,6.9,1
CUST0078,4,5.1,4
CUST0079,6,5.1,2
CUST0080,8,8.2,3
CUST0081,2,4.4,0
CUST0082,2,4.7,1
CUST0083,0,0.0,0
CUST0084,1,4.8,0
CUST0085,2,6.1,1
CUST0086,0,0.0,0
CUST0087,2,8.9,2
CUST0088,6,5.9,4
CUST0089,4,2.8,4
CUST0090,1,3.6,1
CUST0091,1,4.6,1
CUST0092,0,0.0,0
CUST0093,2,4.7,0
CUST0094,2,6.6,1
CUST0095,5,7.1,4
CUST0096,2,4.5,2
CUST0097,6,5.4,2
CUST0098,3,5.6,1
CUST0099,2,5.4,1
CUST0100,2,6.5,2
CUST0101,3,9.1,2
CUST0102,0,0.0,0
CUST0103,4,1.8,2
CUST0104,1,6.7,1
CUST0105,0,0.0,0
CUST0106,4,9.4,3
CUST0107,1,6.0,0
CUST0108,2,6.8,2
CUST0109,2,3.8,1
CUST0110,1,3.6,1
CUST0111,3,6.2,1
CUST0112,1,2.4,1
CUST0113,4,4.9,4
CUST0114,1,4.4,1
CUST0115,3,8.1,2
CUST0116,5,9.0,2
CUST0117,1,6.6,1
CUST0118,2,2.7,0
CUST0119,2,5.7,1
CUST0120,5,6.8,3
CUST0121,3,8.4,2
CUST0122,2,4.0,0
CUST0123,0,0.0,0
CUST0124,0,0.0,0
CUST0125,2,6.6,1
CUST0126,1,6.8,1
CUST0127,2,4.5,1
CUST0128,0,0.0,0
CUST0129,1,8.6,1
CUST0130,2,4.1,2
CUST0131,3,10.0,0
CUST0132,3,7.6,1
CUST0133,3,7.2,3
CUST0134,7,9.8,4
CUST0135,0,0.0,0
CUST0136,0,0.0,0
CUST0137,2,6.6,2
CUST0138,2,4.2,1
CUST0139,1,2.5,1
CUST0140,2,6.7,0
CUST0141,3,4.4,0
CUST0142,1,0.5,1
CUST0143,0,0.0,0
CUST0144,2,3.9,1
CUST0145,5,9.0,3
CUST0146,6,6.9,2
CUST0147,2,5.6,1
CUST0148,3,4.3,0
CUST0149,4,10.0,1
CUST0150,2,6.0,1
CUST0151,2,3.5,2
CUST0152,2,1.8,0
CUST0153,2,7.8,2
CUST0154,6,7.4,3
CUST0155,2,6.4,1
CUST0156,3,3.9,3
CUST0157,0,0.0,0
CUST0158,3,0.6,2
CUST0159,4,4.7,1
CUST0160,2,2.5,1
CUST0161,3,3.0,3
CUST0162,3,2.8,1
CUST0163,2,5.4,1
CUST0164,3,6.6,1
CUST0165,1,2.5,1
CUST0166,0,0.0,0
CUST0167,6,9.8,4
CUST0168,2,6.3,2
CUST0169,0,0.0,0
CUST0170,7,7.3,3
CUST0171,2,3.3,2
CUST0172,1,6.5,1
CUST0173,1,5.4,0
CUST0174,5,8.0,3
CUST0175,5,6.8,2
CUST0176,1,3.3,0
CUST0177,5,6.2,3
CUST0178,2,5.6,2
CUST0179,0,0.0,0
CUST0180,3,7.0,1
CUST0181,3,6.2,2
CUST0182,3,4.3,1
CUST0183,5,7.9,3
CUST0184,2,7.3,1
CUST0185,3,5.1,2
CUST0186,3,5.9,1
CUST0187,4,4.7,2
CUST0188,2,4.0,2
CUST0189,1,3.8,1
CUST0190,4,5.4,1
CUST0191,2,3.6,2
CUST0192,2,6.9,1
CUST0193,0,0.0,0
CUST0194,2,2.2,1
CUST0195,2,7.8,0
CUST0196,0,0.0,0
CUST0197,2,7.3,2
CUST0198,0,0.0,0
CUST0199,2,4.0,2
CUST0200,0,0.0,0
CUST0201,2,3.1,0
CUST0202,4,5.9,3
CUST0203,2,6.6,0
CUST0204,2,5.8,2
CUST0205,2,7.3,1
CUST0206,4,6.5,3
CUST0207,5,3.0,2
CUST0208,2,1.8,2
CUST0209,0,0.0,0
CUST0210,3,6.4,2
CUST0211,0,0.0,0
CUST0212,1,4.1,1
CUST0213,2,6.9,1
CUST0214,1,3.9,1
CUST0215,2,3.7,2
CUST0216,2,2.7,0
CUST0217,2,4.1,1
CUST0218,1,3.7,1
CUST0219,0,0.0,0
CUST0220,0,0.0,0
CUST0221,2,7.0,2
CUST0222,7,7.2,3
CUST0223,1,7.6,1
CUST0224,3,6.0,1
CUST0225,2,7.3,2
CUST0226,2,5.0,1
CUST0227,1,4.9,1
CUST0228,2,5.9,2
CUST0229,3,8.4,1
CUST0230,0,0.0,0
CUST0231,2,1.6,1
CUST0232,1,6.2,1
CUST0233,2,3.0,2
CUST0234,1,3.2,1
CUST0235,6,9.4,3
CUST0236,1,3.5,0
CUST0237,4,7.0,1
CUST0238,4,6.2,3
CUST0239,4,5.3,3
CUST0240,1,2.9,1
CUST0241,1,2.3,1
CUST0242,3,6.8,1
CUST0243,1,5.1,0
CUST0244,0,0.0,0
CUST0245,0,0.0,0
CUST0246,3,3.8,1
CUST0247,1,4.0,0
CUST0248,3,7.9,2
CUST0249,2,5.9,0
CUST0250,4,6.3,1
CUST0251,7,9.0,3
CUST0252,5,5.3,3
CUST0253,4,4.3,0
CUST0254,4,7.0,2
CUST0255,2,1.1,2
CUST0256,2,7.5,0
CUST0257,4,7.8,4
CUST0258,5,5.6,3
CUST0259,1,3.6,1
CUST0260,6,6.5,4
CUST0261,3,7.6,3
CUST0262,6,7.9,3
CUST0263,0,0.0,0
CUST0264,2,7.2,1
CUST0265,5,6.0,1
CUST0266,2,5.8,1
CUST0267,2,3.7,1
CUST0268,1,1.3,1
CUST0269,2,1.9,1
CUST0270,0,0.0,0
CUST0271,2,5.3,1
CUST0272,0,0.0,0
CUST0273,2,7.3,2
CUST0274,0,0.0,0
CUST0275,3,6.3,2
CUST0276,3,6.9,1
CUST0277,3,4.1,2
CUST0278,3,3.6,2
CUST0279,4,5.3,4
CUST0280,1,4.8,1
CUST0281,3,2.1,3
CUST0282,1,3.3,1
CUST0283,2,7.9,1
CUST0284,2,4.1,1
CUST0285,2,4.7,1
CUST0286,4,6.1,2
CUST0287,0,0.0,0
CUST0288,4,6.3,1
CUST0289,1,5.1,0
CUST0290,2,6.2,0
CUST0291,1,3.2,1
CUST0292,0,0.0,0
CUST0293,1,6.4,1
CUST0294,0,0.0,0
CUST0295,2,3.3,1
CUST0296,2,6.5,2
CUST0297,1,4.4,0
CUST0298,3,7.3,1
CUST0299,3,0.8,0
CUST0300,4,3.1,2
CUST0301,2,4.7,0
CUST0302,7,8.6,2
CUST0303,2,4.5,2
CUST0304,1,4.0,0
CUST0305,1,5.3,1
CUST0306,1,6.0,1
CUST0307,4,6.5,1
CUST0308,0,0.0,0
CUST0309,1,5.5,1
CUST0310,1,8.4,1
CUST0311,1,5.7,0
CUST0312,1,8.0,1
CUST0313,0,0.0,0
CUST0314,2,6.1,0
CUST0315,0,0.0,0
CUST0316,0,0.0,0
CUST0317,1,4.8,0
CUST0318,2,8.2,1
CUST0319,4,3.5,2
CUST0320,1,4.1,1
CUST0321,2,5.9,1
CUST0322,3,6.7,0
CUST0323,1,4.6,1
CUST0324,3,5.8,2
CUST0325,3,3.7,3
CUST0326,6,7.5,3
CUST0327,3,2.6,1
CUST0328,1,5.8,1
CUST0329,0,0.0,0
CUST0330,4,5.1,1
CUST0331,1,5.2,1
CUST0332,2,5.4,1
CUST0333,1,6.4,1
CUST0334,0,0.0,0
CUST0335,0,0.0,0
CUST0336,1,4.7,1
CUST0337,4,6.4,1
CUST0338,2,3.2,1
CUST0339,1,4.5,1
CUST0340,1,0.5,1
CUST0341,1,5.5,0
CUST0342,2,9.3,1
CUST0343,4,7.1,1
CUST0344,2,4.3,0
CUST0345,3,7.2,2
CUST0346,2,2.8,1
CUST0347,2,4.8,2
CUST0348,3,8.8,2
CUST0349,1,4.5,1
CUST0350,1,3.4,0
CUST0351,0,0.0,0
CUST0352,4,5.3,2
CUST0353,4,4.2,1
CUST0354,0,0.0,0
CUST0355,3,6.3,1
CUST0356,5,11.0,2
CUST0357,0,0.0,0
CUST0358,4,4.4,0
CUST0359,3,11.2,2
CUST0360,2,7.7,2
CUST0361,1,3.0,1
CUST0362,1,2.1,1
CUST0363,1,6.3,1
CUST0364,1,1.1,0
CUST0365,1,4.8,1
CUST0366,1,5.6,1
CUST0367,0,0.0,0
CUST0368,3,7.2,0
CUST0369,3,4.7,2
CUST0370,2,0.5,2
CUST0371,0,0.0,0
CUST0372,4,6.5,1
CUST0373,4,9.0,0
CUST0374,3,7.0,2
CUST0375,1,4.8,1
CUST0376,3,7.2,0
CUST0377,2,6.5,0
CUST0378,0,0.0,0
CUST0379,4,5.5,1
CUST0380,2,2.3,2
CUST0381,1,6.4,1
CUST0382,3,5.7,3
CUST0383,3,4.0,1
CUST0384,2,6.7,1
CUST0385,2,7.8,2
CUST0386,0,0.0,0
CUST0387,3,5.0,1
CUST0388,4,5.5,3
CUST0389,3,7.2,1
CUST0390,0,0.0,0
CUST0391,4,4.9,1
CUST0392,1,5.1,1
CUST0393,0,0.0,0
CUST0394,0,0.0,0
CUST0395,3,7.6,0
CUST0396,3,3.6,0
CUST0397,1,1.2,1
CUST0398,3,2.6,2
CUST0399,0,0.0,0
CUST0400,1,4.9,1
CUST0401,2,0.5,2
CUST0402,1,6.6,0
CUST0403,2,6.3,1
CUST0404,6,5.1,3
CUST0405,4,6.3,2
CUST0406,4,6.7,3
CUST0407,0,0.0,0
CUST0408,2,3.2,1
CUST0409,2,6.7,2
CUST0410,0,0.0,0
CUST0411,3,5.8,2
CUST0412,2,7.4,2
CUST0413,0,0.0,0
CUST0414,2,5.0,0
CUST0415,2,4.7,0
CUST0416,2,3.3,1
CUST0417,1,7.0,0
CUST0418,1,4.5,1
CUST0419,2,7.8,2
CUST0420,1,5.4,0
CUST0421,4,4.1,1
CUST0422,2,1.2,1
CUST0423,3,9.2,0
CUST0424,4,7.0,2
CUST0425,4,7.8,1
CUST0426,0,0.0,0
CUST0427,0,0.0,0
CUST0428,1,6.3,1
CUST0429,1,6.9,1
CUST0430,1,4.8,1
CUST0431,1,2.6,1
CUST0432,2,3.7,2
CUST0433,2,6.2,2
CUST0434,2,5.5,2
CUST0435,4,8.2,2
CUST0436,1,0.5,1
CUST0437,0,0.0,0
CUST0438,2,3.6,2
CUST0439,1,3.2,1
CUST0440,2,2.7,1
CUST0441,2,4.7,1
CUST0442,3,4.5,1
CUST0443,2,7.6,2
CUST0444,1,3.8,1
CUST0445,2,4.3,1
CUST0446,3,5.7,1
CUST0447,1,1.4,0
CUST0448,3,3.3,0
CUST0449,3,9.8,2
CUST0450,1,4.0,1
CUST0451,4,4.6,1
CUST0452,0,0.0,0
CUST0453,4,1.4,2
CUST0454,1,2.5,1
CUST0455,1,4.3,0
CUST0456,0,0.0,0
CUST0457,1,5.5,1
CUST0458,3,6.4,2
CUST0459,3,6.2,0
CUST0460,3,7.7,2
CUST0461,7,6.1,3
CUST0462,0,0.0,0
CUST0463,3,8.8,1
CUST0464,6,7.5,3
CUST0465,5,5.3,1
CUST0466,5,7.5,0
CUST0467,2,2.6,0
CUST0468,4,6.1,2
CUST0469,2,6.3,0
CUST0470,2,5.2,1
CUST0471,1,5.6,0
CUST0472,0,0.0,0
CUST0473,2,4.2,1
CUST0474,2,6.9,1
CUST0475,0,0.0,0
CUST0476,1,9.8,1
CUST0477,2,4.8,2
CUST0478,3,7.5,2
CUST0479,0,0.0,0
CUST0480,1,3.9,1
CUST0481,0,0.0,0
CUST0482,1,6.6,1
CUST0483,3,4.5,1
CUST0484,0,0.0,0
CUST0485,3,7.0,1
CUST0486,1,8.2,1
CUST0487,0,0.0,0
CUST0488,3,6.2,1
CUST0489,0,0.0,0
CUST0490,3,7.0,2
CUST0491,2,5.7,1
CUST0492,2,5.7,0
CUST0493,2,2.3,2
CUST0494,3,7.9,1
CUST0495,5,7.1,1
CUST0496,2,4.2,2
CUST0497,1,8.5,1
CUST0498,3,9.9,1
CUST0499,1,2.2,0
CUST0500,2,4.0,1
CUST0501,1,5.8,1
CUST0502,0,0.0,0
CUST0503,4,8.4,1
CUST0504,5,3.7,3
CUST0505,3,5.1,1
CUST0506,3,6.6,1
CUST0507,0,0.0,0
CUST0508,0,0.0,0
CUST0509,2,7.0,1
CUST0510,0,0.0,0
CUST0511,3,6.9,1
CUST0512,2,5.1,2
CUST0513,0,0.0,0
CUST0514,1,5.7,1
CUST0515,1,6.5,1
CUST0516,5,8.1,3
CUST0517,0,0.0,0
CUST0518,2,7.9,1
CUST0519,3,6.3,2
CUST0520,1,6.6,1
CUST0521,6,6.7,3
CUST0522,1,7.6,0
CUST0523,4,8.2,1
CUST0524,2,4.9,2
CUST0525,2,6.3,2
CUST0526,2,8.2,1
CUST0527,1,4.9,1
CUST0528,1,1.0,1
CUST0529,3,6.3,2
CUST0530,1,3.8,1
CUST0531,1,6.0,0
CUST0532,6,8.8,2
CUST0533,2,0.5,2
CUST0534,2,6.0,2
CUST0535,2,6.3,0
CUST0536,4,7.3,2
CUST0537,0,0.0,0
CUST0538,5,3.5,2
CUST0539,2,4.0,1
CUST0540,1,3.0,1
CUST0541,2,6.5,2
CUST0542,4,1.6,2
CUST0543,3,6.3,2
CUST0544,3,5.9,2
CUST0545,0,0.0,0
CUST0546,2,7.2,2
CUST0547,3,5.3,2
CUST0548,3,3.6,2
CUST0549,3,6.2,2
CUST0550,1,3.5,0
CUST0551,3,6.5,0
CUST0552,2,3.9,1
CUST0553,2,0.5,1
CUST0554,2,4.6,1
CUST0555,1,6.2,1
CUST0556,2,4.6,1
CUST0557,3,3.7,3
CUST0558,0,0.0,0
CUST0559,5,9.1,3
CUST0560,2,5.1,2
CUST0561,0,0.0,0
CUST0562,3,3.6,1
CUST0563,3,5.9,2
CUST0564,0,0.0,0
CUST0565,2,2.9,2
CUST0566,1,5.1,1
CUST0567,3,3.8,2
CUST0568,2,6.9,0
CUST0569,1,3.5,0
CUST0570,3,4.4,1
CUST0571,4,5.4,1
CUST0572,2,7.1,2
CUST0573,5,3.5,3
CUST0574,3,6.4,2
CUST0575,1,2.6,0
CUST0576,2,1.4,1
CUST0577,4,5.8,2
CUST0578,2,5.1,1
CUST0579,1,4.8,1
CUST0580,2,3.3,2
CUST0581,4,7.3,3
CUST0582,0,0.0,0
CUST0583,3,5.0,1
CUST0584,0,0.0,0
CUST0585,4,8.4,1
CUST0586,3,9.2,1
CUST0587,2,3.9,2
CUST0588,1,5.4,1
CUST0589,1,4.4,1
CUST0590,0,0.0,0
CUST0591,2,6.0,2
CUST0592,3,7.0,2
CUST0593,2,5.4,1
CUST0594,3,5.9,3
CUST0595,6,4.2,2
CUST0596,1,2.7,1
CUST0597,1,4.1,0
CUST0598,3,4.7,1
CUST0599,3,6.1,2
CUST0600,2,7.8,1
CUST0601,1,6.2,1
CUST0602,5,7.2,2
CUST0603,0,0.0,0
CUST0604,1,3.5,1
CUST0605,2,2.4,2
CUST0606,4,6.3,1
CUST0607,2,6.2,1
CUST0608,1,4.8,1
CUST0609,6,8.8,0
CUST0610,4,0.5,1
CUST0611,3,7.7,2
CUST0612,1,2.3,1
CUST0613,3,5.5,0
CUST0614,1,5.3,0
CUST0615,2,8.1,0
CUST0616,6,4.0,3
CUST0617,2,7.8,0
CUST0618,3,3.6,1
CUST0619,3,2.2,2
CUST0620,3,7.9,2
CUST0621,3,6.6,2
CUST0622,5,8.4,3
CUST0623,3,3.9,1
CUST0624,2,3.1,1
CUST0625,2,5.7,0
CUST0626,2,5.9,2
CUST0627,1,1.5,1
CUST0628,3,7.7,2
CUST0629,3,4.2,0
CUST0630,0,0.0,0
CUST0631,2,3.8,2
CUST0632,6,7.6,3
CUST0633,2,3.5,2
CUST0634,2,7.0,2
CUST0635,2,6.4,1
CUST0636,1,7.4,1
CUST0637,2,5.4,2
CUST0638,2,2.9,2
CUST0639,3,4.9,2
CUST0640,1,5.2,1
CUST0641,1,4.7,1
CUST0642,1,4.1,0
CUST0643,0,0.0,0
CUST0644,5,8.1,3
CUST0645,4,4.2,0
CUST0646,7,6.2,5
CUST0647,1,3.5,1
CUST0648,3,5.0,1
CUST0649,5,3.2,2
CUST0650,0,0.0,0
CUST0651,7,6.6,5
CUST0652,1,8.5,1
CUST0653,1,3.3,1
CUST0654,1,3.7,1
CUST0655,5,3.1,3
CUST0656,2,9.7,1
CUST0657,3,5.2,3
CUST0658,2,6.4,2
CUST0659,1,5.8,1
CUST0660,2,5.5,1
CUST0661,0,0.0,0
CUST0662,2,5.2,2
CUST0663,3,2.9,2
CUST0664,6,7.8,2
CUST0665,6,4.7,3
CUST0666,2,2.0,1
CUST0667,3,4.7,2
CUST0668,5,4.9,1
CUST0669,2,2.6,1
CUST0670,2,6.4,0
CUST0671,2,2.4,2
CUST0672,0,0.0,0
CUST0673,1,5.8,1
CUST0674,4,6.7,2
CUST0675,2,0.5,0
CUST0676,1,5.3,0
CUST0677,5,8.3,5
CUST0678,0,0.0,0
CUST0679,5,4.7,4
CUST0680,3,8.6,2
CUST0681,5,8.5,1
CUST0682,2,6.7,2
CUST0683,2,5.1,0
CUST0684,0,0.0,0
CUST0685,6,5.2,3
CUST0686,3,4.4,1
CUST0687,5,10.0,0
CUST0688,1,0.5,1
CUST0689,0,0.0,0
CUST0690,1,9.9,0
CUST0691,2,6.0,0
CUST0692,3,4.8,3
CUST0693,0,0.0,0
CUST0694,2,6.3,2
CUST0695,1,2.9,0
CUST0696,0,0.0,0
CUST0697,0,0.0,0
CUST0698,1,4.6,1
CUST0699,0,0.0,0
CUST0700,1,3.7,1
CUST0701,4,10.2,3
CUST0702,3,5.2,2
CUST0703,4,5.0,1
CUST0704,1,6.0,0
CUST0705,1,4.2,1
CUST0706,2,6.8,1
CUST0707,1,10.6,1
CUST0708,3,7.3,1
CUST0709,5,6.1,1
CUST0710,3,2.6,1
CUST0711,0,0.0,0
CUST0712,0,0.0,0
CUST0713,4,8.3,3
CUST0714,0,0.0,0
CUST0715,2,2.0,1
CUST0716,0,0.0,0
CUST0717,2,6.2,2
CUST0718,3,2.7,2
CUST0719,2,1.9,2
CUST0720,2,2.6,1
CUST0721,2,0.6,2
CUST0722,2,7.7,1
CUST0723,2,7.8,1
CUST0724,3,3.7,2
CUST0725,3,4.3,2
CUST0726,5,5.5,3
CUST0727,3,6.4,2
CUST0728,4,7.0,2
CUST0729,2,9.2,2
CUST0730,4,7.7,0
CUST0731,2,3.9,0
CUST0732,3,8.0,2
CUST0733,1,2.3,1
CUST0734,3,5.2,1
CUST0735,0,0.0,0
CUST0736,1,7.9,0
CUST0737,1,7.8,1
CUST0738,5,6.3,4
CUST0739,1,4.5,1
CUST0740,5,3.9,2
CUST0741,2,4.9,2
CUST0742,2,5.2,1
CUST0743,2,5.5,2
CUST0744,4,5.3,2
CUST0745,1,5.1,1
CUST0746,1,1.6,1
CUST0747,6,7.4,2
CUST0748,4,7.7,3
CUST0749,5,7.8,2
CUST0750,2,4.6,2
CUST0751,3,5.7,1
CUST0752,1,10.8,1
CUST0753,1,2.1,1
CUST0754,2,1.0,1
CUST0755,0,0.0,0
CUST0756,1,5.1,1
CUST0757,1,4.7,0
CUST0758,1,5.4,0
CUST0759,1,6.4,1
CUST0760,4,8.6,0
CUST0761,1,1.6,0
CUST0762,1,3.6,0
CUST0763,3,8.5,0
CUST0764,2,6.6,1
CUST0765,0,0.0,0
CUST0766,2,1.9,1
CUST0767,0,0.0,0
CUST0768,1,2.9,1
CUST0769,4,9.3,1
CUST0770,2,5.9,0
CUST0771,1,5.5,1
CUST0772,3,7.0,3
CUST0773,3,3.7,1
CUST0774,1,7.8,0
CUST0775,4,8.0,1
CUST0776,5,8.4,3
CUST0777,1,6.7,1
CUST0778,1,2.0,1
CUST0779,2,4.7,1
CUST0780,2,5.5,2
CUST0781,5,5.0,4
CUST0782,1,3.7,1
CUST0783,3,4.0,2
CUST0784,3,3.3,1
CUST0785,0,0.0,0
CUST0786,1,6.9,1
CUST0787,1,5.0,1
CUST0788,1,2.7,0
CUST0789,2,4.6,2
CUST0790,5,5.8,4
CUST0791,3,5.7,1
CUST0792,0,0.0,0
CUST0793,2,3.9,1
CUST0794,6,9.3,3
CUST0795,0,0.0,0
CUST0796,2,2.3,2
CUST0797,0,0.0,0
CUST0798,2,5.2,1
CUST0799,5,6.1,2
CUST0800,4,6.7,2
CUST0801,0,0.0,0
CUST0802,2,6.4,2
CUST0803,1,3.4,0
CUST0804,2,5.5,2
CUST0805,2,6.2,1
CUST0806,1,4.0,0
CUST0807,3,7.1,1
CUST0808,2,4.1,1
CUST0809,1,9.4,0
CUST0810,0,0.0,0
CUST0811,4,5.2,3
CUST0812,3,7.3,2
CUST0813,3,2.7,1
CUST0814,0,0.0,0
CUST0815,3,5.3,1
CUST0816,0,0.0,0
CUST0817,3,2.5,2
CUST0818,3,4.3,1
CUST0819,3,3.9,3
CUST0820,0,0.0,0
CUST0821,1,5.5,1
CUST0822,3,7.0,1
CUST0823,1,4.8,1
CUST0824,2,5.9,0
CUST0825,2,4.8,2
CUST0826,1,4.5,1
CUST0827,1,5.4,1
CUST0828,1,4.1,1
CUST0829,3,4.9,2
CUST0830,0,0.0,0
CUST0831,5,4.2,2
CUST0832,1,4.9,1
CUST0833,1,5.0,1
CUST0834,2,4.3,2
CUST0835,3,6.0,3
CUST0836,4,5.1,2
CUST0837,2,3.1,1
CUST0838,2,5.7,0
CUST0839,2,4.9,2
CUST0840,0,0.0,0
CUST0841,1,8.2,1
CUST0842,1,6.4,1
CUST0843,3,6.2,2
CUST0844,2,7.1,1
CUST0845,2,8.2,1
CUST0846,0,0.0,0
CUST0847,2,7.5,0
CUST0848,0,0.0,0
CUST0849,0,0.0,0
CUST0850,2,4.8,0
CUST0851,3,4.9,0
CUST0852,2,4.2,1
CUST0853,1,3.9,1
CUST0854,1,7.3,1
CUST0855,0,0.0,0
CUST0856,0,0.0,0
CUST0857,0,0.0,0
CUST0858,3,7.6,0
CUST0859,2,7.1,2
CUST0860,5,7.4,0
CUST0861,2,4.4,2
CUST0862,3,7.7,0
CUST0863,0,0.0,0
CUST0864,0,0.0,0
CUST0865,0,0.0,0
CUST0866,2,3.1,0
CUST0867,5,5.6,0
CUST0868,2,4.0,2
CUST0869,2,5.6,0
CUST0870,2,7.2,2
CUST0871,4,3.7,3
CUST0872,2,5.5,2
CUST0873,2,7.2,0
CUST0874,0,0.0,0
CUST0875,0,0.0,0
CUST0876,3,1.9,2
CUST0877,2,2.6,2
CUST0878,3,3.0,2
CUST0879,7,2.8,2
CUST0880,5,5.2,3
CUST0881,4,10.9,0
CUST0882,3,5.0,2
CUST0883,4,6.3,2
CUST0884,5,8.1,3
CUST0885,4,6.6,2
CUST0886,1,5.5,1
CUST0887,1,3.4,1
CUST0888,5,6.0,1
CUST0889,1,3.3,1
CUST0890,2,4.8,1
CUST0891,0,0.0,0
CUST0892,3,8.8,1
CUST0893,0,0.0,0
CUST0894,5,8.2,5
CUST0895,0,0.0,0
CUST0896,6,7.1,3
CUST0897,3,1.5,3
CUST0898,1,1.4,1
CUST0899,0,0.0,0
CUST0900,3,7.8,2
CUST0901,1,5.7,1
CUST0902,6,8.1,3
CUST0903,3,6.0,1
CUST0904,3,7.5,2
CUST0905,0,0.0,0
CUST0906,0,0.0,0
CUST0907,2,3.3,1
CUST0908,6,6.9,2
CUST0909,2,3.7,1
CUST0910,1,5.4,1
CUST0911,0,0.0,0
CUST0912,1,5.3,1
CUST0913,4,4.3,1
CUST0914,4,6.7,2
CUST0915,3,5.1,3
CUST0916,1,5.4,0
CUST0917,2,2.5,2
CUST0918,0,0.0,0
CUST0919,2,6.5,0
CUST0920,1,3.9,0
CUST0921,5,4.0,2
CUST0922,2,7.7,1
CUST0923,2,5.7,0
CUST0924,5,7.4,2
CUST0925,1,6.2,1
CUST0926,2,0.5,2
CUST0927,3,9.1,0
CUST0928,1,6.1,1
CUST0929,1,1.5,1
CUST0930,1,2.2,1
CUST0931,2,3.8,2
CUST0932,1,6.0,1
CUST0933,4,4.0,1
CUST0934,4,7.3,1
CUST0935,2,1.0,1
CUST0936,0,0.0,0
CUST0937,3,8.1,1
CUST0938,1,4.4,1
CUST0939,3,4.9,2
CUST0940,2,4.9,1
CUST0941,0,0.0,0
CUST0942,1,5.9,1
CUST0943,3,2.9,2
CUST0944,1,0.5,0
CUST0945,3,2.6,3
CUST0946,3,3.7,3
CUST0947,2,4.5,2
CUST0948,0,0.0,0
CUST0949,1,4.6,1
CUST0950,1,2.2,1
CUST0951,2,4.0,1
CUST0952,1,2.4,0
CUST0953,2,7.6,0
CUST0954,2,3.6,1
CUST0955,4,5.9,2
CUST0956,1,5.9,1
CUST0957,0,0.0,0
CUST0958,0,0.0,0
CUST0959,2,5.9,2
CUST0960,2,3.3,1
CUST0961,1,6.4,0
CUST0962,1,4.9,1
CUST0963,1,4.9,1
CUST0964,2,4.9,0
CUST0965,2,4.6,1
CUST0966,3,5.3,0
CUST0967,4,5.1,1
CUST0968,2,5.9,2
CUST0969,5,7.2,1
CUST0970,7,10.2,2
CUST0971,0,0.0,0
CUST0972,2,6.1,2
CUST0973,0,0.0,0
CUST0974,2,8.4,2
CUST0975,1,4.7,0
CUST0976,4,9.9,1
CUST0977,0,0.0,0
CUST0978,2,3.0,0
CUST0979,2,4.9,2
CUST0980,1,4.6,1
CUST0981,1,4.8,0
CUST0982,4,7.9,2
CUST0983,1,2.9,1
CUST0984,2,6.2,2
CUST0985,1,7.2,1
CUST0986,3,1.0,3
CUST0987,2,7.7,1
CUST0988,1,5.8,1
CUST0989,1,10.7,0
CUST0990,1,4.9,1
CUST0991,2,4.5,2
CUST0992,3,9.9,1
CUST0993,0,0.0,0
CUST0994,2,5.5,2
CUST0995,1,4.9,0
CUST0996,4,4.2,1
CUST0997,2,1.5,1
CUST0998,2,6.9,1
CUST0999,3,5.6,2
CUST1000,0,0.0,0
CUST1001,5,7.8,4
CUST1002,5,8.1,0
CUST1003,1,5.1,1
CUST1004,1,6.9,1
CUST1005,3,5.9,1
CUST1006,0,0.0,0
CUST1007,3,5.1,3
CUST1008,0,0.0,0
CUST1009,3,5.1,1
CUST1010,1,3.5,0
CUST1011,5,8.5,4
CUST1012,2,4.2,0
CUST1013,1,5.9,0
CUST1014,6,8.2,1
CUST1015,3,4.4,0
CUST1016,5,8.1,1
CUST1017,5,6.5,1
CUST1018,1,1.8,1
CUST1019,3,3.8,0
CUST1020,2,4.1,0
CUST1021,3,6.8,2
CUST1022,0,0.0,0
CUST1023,2,4.3,0
CUST1024,1,4.1,1
CUST1025,0,0.0,0
CUST1026,3,6.9,1
CUST1027,1,4.5,1
CUST1028,1,5.8,1
CUST1029,0,0.0,0
CUST1030,1,1.8,1
CUST1031,0,0.0,0
CUST1032,3,5.8,2
CUST1033,2,4.5,2
CUST1034,2,5.6,0
CUST1035,2,3.2,2
CUST1036,1,2.9,1
CUST1037,0,0.0,0
CUST1038,0,0.0,0
CUST1039,2,7.4,1
CUST1040,4,6.5,2
CUST1041,1,3.2,0
CUST1042,1,3.3,1
CUST1043,1,3.3,1
CUST1044,4,6.7,2
CUST1045,3,3.8,1
CUST1046,2,2.3,0
CUST1047,2,5.9,0
CUST1048,1,2.6,1
CUST1049,0,0.0,0
CUST1050,4,5.8,3
CUST1051,1,2.6,0
CUST1052,4,3.1,2
CUST1053,2,7.8,0
CUST1054,2,2.3,2
CUST1055,0,0.0,0
CUST1056,1,6.9,1
CUST1057,1,8.5,0
CUST1058,1,1.0,1
CUST1059,4,9.1,2
CUST1060,1,11.3,1
CUST1061,3,5.0,2
CUST1062,3,4.6,1
CUST1063,2,4.7,1
CUST1064,2,3.9,1
CUST1065,2,4.2,2
CUST1066,2,2.2,0
CUST1067,4,9.4,0
CUST1068,2,5.0,2
CUST1069,2,5.1,2
CUST1070,2,2.6,1
CUST1071,3,3.6,1
CUST1072,5,7.7,1
CUST1073,0,0.0,0
CUST1074,3,5.9,2
CUST1075,1,5.7,1
CUST1076,2,5.5,2
CUST1077,10,8.2,4
CUST1078,1,5.8,0
CUST1079,3,6.7,1
CUST1080,2,4.3,2
CUST1081,2,4.7,0
CUST1082,3,6.9,3
CUST1083,1,6.9,1
CUST1084,0,0.0,0
CUST1085,2,0.5,1
CUST1086,5,3.6,0
CUST1087,5,8.2,2
CUST1088,3,6.0,2
CUST1089,1,4.1,1
CUST1090,2,8.0,1
CUST1091,4,3.2,1
CUST1092,3,1.6,1
CUST1093,1,2.7,0
CUST1094,4,4.1,3
CUST1095,2,4.7,2
CUST1096,2,0.5,2
CUST1097,3,7.7,0
CUST1098,3,6.1,2
CUST1099,2,5.9,2
CUST1100,2,1.9,2
CUST1101,4,9.9,2
CUST1102,2,6.5,1
CUST1103,3,4.3,1
CUST1104,0,0.0,0
CUST1105,1,3.3,1
CUST1106,0,0.0,0
CUST1107,3,6.1,0
CUST1108,0,0.0,0
CUST1109,2,5.2,2
CUST1110,2,4.8,1
CUST1111,2,7.3,1
CUST1112,0,0.0,0
CUST1113,2,7.9,0
CUST1114,2,6.7,1
CUST1115,3,3.8,1
CUST1116,0,0.0,0
CUST1117,2,3.1,2
CUST1118,1,3.5,0
CUST1119,1,1.5,0
CUST1120,1,4.8,1
CUST1121,2,4.5,1
CUST1122,1,4.5,1
CUST1123,3,5.8,1
CUST1124,1,6.8,0
CUST1125,4,7.6,2
CUST1126,1,3.4,1
CUST1127,1,5.0,1
CUST1128,3,4.1,0
CUST1129,2,5.0,1
CUST1130,3,6.6,2
CUST1131,2,2.1,1
CUST1132,2,6.9,1
CUST1133,2,6.0,1
CUST1134,0,0.0,0
CUST1135,1,4.4,1
CUST1136,3,5.7,1
CUST1137,0,0.0,0
CUST1138,2,4.5,0
CUST1139,3,5.4,1
CUST1140,2,5.2,1
CUST1141,2,5.2,0
CUST1142,0,0.0,0
CUST1143,4,6.7,1
CUST1144,3,5.9,3
CUST1145,4,5.8,3
CUST1146,3,5.9,1
CUST1147,1,6.6,1
CUST1148,3,6.3,2
CUST1149,5,8.5,4
CUST1150,2,9.9,1
CUST1151,5,7.3,3
CUST1152,2,4.1,0
CUST1153,3,6.9,3
CUST1154,1,3.0,1
CUST1155,4,6.5,1
CUST1156,1,3.7,1
CUST1157,1,2.4,0
CUST1158,0,0.0,0
CUST1159,3,6.2,1
CUST1160,0,0.0,0
CUST1161,3,6.4,3
CUST1162,1,2.4,0
CUST1163,0,0.0,0
CUST1164,0,0.0,0
CUST1165,1,4.4,1
CUST1166,1,3.8,1
CUST1167,2,4.7,2
CUST1168,1,3.3,1
CUST1169,5,5.5,4
CUST1170,0,0.0,0
CUST1171,1,5.8,1
CUST1172,0,0.0,0
CUST1173,0,0.0,0
CUST1174,3,4.4,3
CUST1175,2,5.0,0
CUST1176,4,5.0,2
CUST1177,2,8.6,2
CUST1178,6,8.6,5
CUST1179,2,4.3,1
CUST1180,3,6.1,2
CUST1181,5,5.1,2
CUST1182,3,3.8,3
CUST1183,2,3.5,2
CUST1184,5,5.4,0
CUST1185,5,6.2,2
CUST1186,1,6.5,0
CUST1187,2,4.9,1
CUST1188,3,4.2,2
CUST1189,2,5.9,0
CUST1190,3,7.4,1
CUST1191,2,5.6,0
CUST1192,1,7.1,1
CUST1193,2,5.3,1
CUST1194,2,6.3,2
CUST1195,2,4.6,2
CUST1196,3,5.7,1
CUST1197,0,0.0,0
CUST1198,0,0.0,0
CUST1199,1,4.5,1
CUST1200,1,2.0,0
CUST1201,0,0.0,0
CUST1202,2,5.9,0
CUST1203,5,9.3,4
CUST1204,0,0.0,0
CUST1205,2,5.6,0
CUST1206,6,5.4,4
CUST1207,5,10.3,2
CUST1208,2,8.4,2
CUST1209,2,2.8,0
CUST1210,2,5.0,1
CUST1211,3,1.5,2
CUST1212,0,0.0,0
CUST1213,3,7.6,1
CUST1214,1,5.2,1
CUST1215,0,0.0,0
CUST1216,2,4.6,2
CUST1217,4,7.3,1
CUST1218,3,6.6,2
CUST1219,0,0.0,0
CUST1220,3,8.2,3
CUST1221,2,7.1,1
CUST1222,0,0.0,0
CUST1223,3,5.6,3
CUST1224,3,3.8,0
CUST1225,1,0.9,1
CUST1226,1,8.7,1
CUST1227,8,9.9,5
CUST1228,2,7.2,1
CUST1229,2,4.1,1
CUST1230,0,0.0,0
CUST1231,1,3.7,1
CUST1232,1,7.7,1
CUST1233,1,4.8,1
CUST1234,2,5.3,0
CUST1235,1,2.2,1
CUST1236,4,1.0,4
CUST1237,3,4.9,0
CUST1238,0,0.0,0
CUST1239,0,0.0,0
CUST1240,4,6.9,2
CUST1241,4,4.8,1
CUST1242,5,10.0,4
CUST1243,2,5.2,1
CUST1244,1,4.9,1
CUST1245,4,10.5,3
CUST1246,1,3.4,1
CUST1247,5,9.9,4
CUST1248,0,0.0,0
CUST1249,2,6.3,0
CUST1250,4,7.1,3
CUST1251,1,5.4,1
CUST1252,3,4.2,2
CUST1253,4,4.2,2
CUST1254,5,6.8,2
CUST1255,3,6.9,2
CUST1256,0,0.0,0
CUST1257,4,5.6,3
CUST1258,3,4.3,1
CUST1259,0,0.0,0
CUST1260,1,6.3,1
CUST1261,1,4.2,0
CUST1262,3,5.9,1
CUST1263,0,0.0,0
CUST1264,3,6.7,1
CUST1265,1,0.5,1
CUST1266,1,3.9,1
CUST1267,3,1.7,0
CUST1268,2,7.5,2
CUST1269,3,7.0,2
CUST1270,1,10.2,1
CUST1271,4,4.7,1
CUST1272,3,4.7,3
CUST1273,1,5.2,1
CUST1274,2,7.1,0
CUST1275,5,7.4,1
CUST1276,2,4.1,1
CUST1277,3,7.8,1
CUST1278,0,0.0,0
CUST1279,1,6.2,1
CUST1280,2,8.3,1
CUST1281,2,4.7,0
CUST1282,5,9.0,0
CUST1283,6,9.3,2
CUST1284,2,5.3,2
CUST1285,2,7.0,2
CUST1286,1,2.1,0
CUST1287,2,6.9,1
CUST1288,0,0.0,0
CUST1289,1,7.2,0
CUST1290,2,5.4,0
CUST1291,1,4.4,1
CUST1292,1,7.4,1
CUST1293,2,4.5,0
CUST1294,0,0.0,0
CUST1295,2,6.7,1
CUST1296,4,4.3,1
CUST1297,4,5.6,3
CUST1298,3,5.1,2
CUST1299,6,4.1,3
CUST1300,2,5.6,2
CUST1301,3,4.1,1
CUST1302,3,1.5,1
CUST1303,7,10.8,4
CUST1304,0,0.0,0
CUST1305,4,8.9,2
CUST1306,2,5.7,2
CUST1307,1,5.4,1
CUST1308,6,5.4,4
CUST1309,2,6.4,1
CUST1310,2,6.3,0
CUST1311,5,7.7,2
CUST1312,2,6.9,2
CUST1313,0,0.0,0
CUST1314,4,8.3,1
CUST1315,3,2.8,1
CUST1316,1,1.1,1
CUST1317,2,7.5,1
CUST1318,1,0.5,1
CUST1319,2,2.3,2
CUST1320,3,2.4,2
CUST1321,5,10.4,2
CUST1322,3,8.0,1
CUST1323,0,0.0,0
CUST1324,2,8.4,2
CUST1325,1,6.0,1
CUST1326,3,6.9,3
CUST1327,5,4.8,4
CUST1328,4,5.6,2
CUST1329,2,5.9,1
CUST1330,5,7.0,2
CUST1331,2,4.7,2
CUST1332,1,1.2,0
CUST1333,4,6.4,1
CUST1334,3,3.9,1
CUST1335,2,5.1,2
CUST1336,3,5.9,2
CUST1337,6,7.1,5
CUST1338,5,6.0,2
CUST1339,2,8.9,2
CUST1340,4,5.7,2
CUST1341,3,8.5,3
CUST1342,1,3.2,1
CUST1343,3,6.2,1
CUST1344,1,6.3,1
CUST1345,1,3.9,1
CUST1346,1,4.9,1
CUST1347,4,8.4,3
CUST1348,2,5.4,2
CUST1349,3,5.5,3
CUST1350,2,3.3,1
CUST1351,1,5.1,1
CUST1352,2,4.3,2
CUST1353,1,7.2,1
CUST1354,1,7.2,1
CUST1355,1,4.6,0
CUST1356,2,7.1,1
CUST1357,2,6.6,1
CUST1358,0,0.0,0
CUST1359,3,2.0,2
CUST1360,4,7.9,3
CUST1361,1,3.0,1
CUST1362,0,0.0,0
CUST1363,1,0.9,1
CUST1364,1,8.8,0
CUST1365,3,3.9,3
CUST1366,3,6.5,1
CUST1367,1,3.2,1
CUST1368,2,4.6,2
CUST1369,3,7.3,3
CUST1370,1,7.9,1
CUST1371,3,6.6,2
CUST1372,5,5.5,1
CUST1373,0,0.0,0
CUST1374,0,0.0,0
CUST1375,1,5.7,1
CUST1376,6,7.2,0
CUST1377,2,5.8,2
CUST1378,0,0.0,0
CUST1379,1,5.7,1
CUST1380,1,5.0,0
CUST1381,5,7.1,3
CUST1382,3,4.0,0
CUST1383,1,7.6,1
CUST1384,0,0.0,0
CUST1385,1,0.6,0
CUST1386,0,0.0,0
CUST1387,0,0.0,0
CUST1388,2,5.1,0
CUST1389,2,3.0,1
CUST1390,0,0.0,0
CUST1391,5,7.8,3
CUST1392,2,2.7,2
CUST1393,2,7.6,0
CUST1394,5,5.3,1
CUST1395,1,4.9,1
CUST1396,0,0.0,0
CUST1397,1,0.5,1
CUST1398,0,0.0,0
CUST1399,0,0.0,0
CUST1400,3,7.4,2
CUST1401,0,0.0,0
CUST1402,0,0.0,0
CUST1403,4,5.9,2
CUST1404,2,5.3,1
CUST1405,2,5.8,2
CUST1406,0,0.0,0
CUST1407,2,4.5,0
CUST1408,1,2.8,1
CUST1409,3,7.0,1
CUST1410,2,6.6,1
CUST1411,4,9.1,3
CUST1412,1,0.7,0
CUST1413,1,3.0,1
CUST1414,3,9.2,1
CUST1415,0,0.0,0
CUST1416,4,5.1,3
CUST1417,0,0.0,0
CUST1418,3,3.5,3
CUST1419,1,2.0,1
CUST1420,2,3.6,1
CUST1421,0,0.0,0
CUST1422,2,6.4,2
CUST1423,0,0.0,0
CUST1424,2,2.2,0
CUST1425,3,7.3,0
CUST1426,2,2.2,2
CUST1427,0,0.0,0
CUST1428,2,5.4,2
CUST1429,2,5.7,1
CUST1430,3,5.0,2
CUST1431,0,0.0,0
CUST1432,1,3.0,1
CUST1433,3,8.2,2
CUST1434,1,2.8,1
CUST1435,2,4.9,0
CUST1436,1,7.2,1
CUST1437,0,0.0,0
CUST1438,3,8.6,2
CUST1439,0,0.0,0
CUST1440,2,4.1,2
CUST1441,5,6.2,3
CUST1442,0,0.0,0
CUST1443,2,4.8,1
CUST1444,0,0.0,0
CUST1445,2,6.8,2
CUST1446,6,8.5,2
CUST1447,2,4.5,1
CUST1448,2,6.3,1
CUST1449,1,1.6,0
CUST1450,0,0.0,0
CUST1451,4,10.8,2
CUST1452,1,7.5,1
CUST1453,6,5.5,4
CUST1454,2,6.7,1
CUST1455,1,4.8,0
CUST1456,0,0.0,0
CUST1457,3,9.8,1
CUST1458,2,4.7,1
CUST1459,1,3.9,1
CUST1460,1,4.6,1
CUST1461,3,7.3,1
CUST1462,2,4.5,0
CUST1463,5,8.6,3
CUST1464,2,9.0,1
CUST1465,3,5.6,3
CUST1466,1,5.9,0
CUST1467,1,4.1,1
CUST1468,0,0.0,0
CUST1469,4,6.8,3
CUST1470,2,5.3,1
CUST1471,4,4.9,1
CUST1472,1,3.2,1
CUST1473,2,9.8,1
CUST1474,3,2.2,3
CUST1475,1,8.5,0
CUST1476,1,2.5,1
CUST1477,1,6.8,1
CUST1478,4,7.9,3
CUST1479,3,0.5,2
CUST1480,2,3.5,2
CUST1481,4,5.0,0
CUST1482,3,4.1,1
CUST1483,2,7.8,0
CUST1484,2,5.4,0
CUST1485,5,6.5,4
CUST1486,3,6.5,2
CUST1487,1,4.5,1
CUST1488,4,6.7,2
CUST1489,1,4.4,0
CUST1490,1,7.6,1
CUST1491,2,3.5,2
CUST1492,2,7.7,0
CUST1493,2,5.5,0
CUST1494,3,2.5,1
CUST1495,6,8.9,3
CUST1496,2,5.4,2
CUST1497,2,2.3,0
CUST1498,0,0.0,0
CUST1499,5,3.3,5
CUST1500,6,8.5,3
